題號,答案,題目,選項A,選項B,選項C,選項D
1,B,下列方劑之組成何者含有桂枝？,《傷寒論》越婢湯,《金匱要略》溫經湯,《和劑局方》三拗湯,《和劑局方》華蓋散
2,C,關於《此事難知》九味羌活湯組成之敘述，下列何者錯誤？,羌活辛溫芳香，上行發散，用作君藥,防風、蒼朮發汗祛濕，是為臣藥,石膏瀉氣分之熱，生地泄血分之熱，是為佐藥,甘草調和諸藥，是為使藥
3,C,《傷寒論》十棗湯有攻逐水飲之功用，下列關於十棗湯組成之敘述何者錯誤？,甘遂善行經遂水濕,大戟善泄臟腑水濕,白芥子善治皮裏膜外、胸膈間之痰飲,大棗益氣護胃，使下不傷正
4,B,關於《醫學心悟》加味香蘇散之敘述，下列何者錯誤？,四時感冒，病邪輕淺者，程鍾齡制之以代麻黃湯、桂枝湯二方,本方以木香、紫蘇葉為君藥，開腠理而散風寒,婦女經期感冒風寒者亦可服,對於身體壯實，感受風寒濕邪之表寒重證者不適合
5,B,關於《金匱要略》大黃附子湯之功用，下列何者最適宜？,通裏攻下，行氣活血,溫陽散寒，瀉結行滯,滋陰益氣，瀉結泄熱,溫腎益精，潤腸通便
6,B,下列何者非《傷寒六書》再造散之組成藥物？,附子,麻黃,防風,桂枝
7,B,下列何者非《傷寒六書》柴葛解肌湯之組成藥物？,黃芩,紫蘇,羌活,白芷
8,A,下列何者為《備急千金要方》溫脾湯之組成藥物？,大黃,巴豆,桂心,山藥
9,B,"下列何方不含白朮和人參？①《醫方集解》益氣聰明湯	②《脾胃論》升陽益胃湯	③《傅青主女科》完帶湯	④《濟生方》實脾飲",①②,①④,②③,③④
10,C,下列各項敘述何者正確？,《傷寒論》竹葉石膏湯是白虎湯減去知母加入竹葉、人參、麥門冬、半夏而成，功用是清除暑熱，益氣和胃,《傷寒論》白虎加人參湯，用於表裏壯熱，邪在氣分,《金匱要略》白虎加桂枝湯主要是治療溫瘧,《蘭室秘藏》清胃散是治療胃之陰虛火旺的口舌生瘡的常用處方
11,A,有關《醫宗金鑑》五味消毒飲與《校注婦人良方》仙方活命飲之敘述，何者錯誤？,共同之組成藥物為金銀花與蒲公英,五味消毒飲與仙方活命飲同具清熱解毒之功,仙方活命飲以消散活血為主，兼以清熱解毒,五味消毒飲以清熱解毒為主，側重消散疔毒
12,C,"下列何者不是五味消毒飲的組成藥物？①菊花	②丁香	③銀花	④蒲黃",①②,①③,②④,③④
13,B,"②《蘭室秘藏》清胃散是以石膏為君藥	③《小兒藥證直訣》瀉白散是以桑白皮為君藥	④《小兒藥證直訣》瀉白散與《傷寒論》白虎湯相同的組成藥物為粳米、甘草",1,2,3,4
14,C,有關方劑的敘述，下列何者錯誤？,《柳州醫話》一貫煎主治肝腎陰虛，血燥氣鬱之證,《醫方集解》益氣聰明湯主治中氣不足，清陽不升，視物不清，耳鳴耳聾,《丹溪心法》玉屏風散之組成為生黃耆、防風、白朮各等分,《小兒藥證直訣》異功散為四君子湯加上陳皮，主治食慾不振，嘔吐泄瀉
15,C,發熱盜汗，面赤心煩，口乾唇燥，便結尿黃，舌紅脈數，最宜使用下列何者？,清骨散,黃龍湯,當歸六黃湯,秦艽鼈甲散
16,A,"關於小柴胡湯的功效，下列那些正確？①治邪在半表半裏	②和解少陽	③苦辛通降",僅①②,僅①③,僅②③,①②③
17,A,35 歲男性患者主訴近日牙齦腫痛，偶爾牙齦出血，口臭，舌紅苔黃，脈滑大而數，最適合用下列何方治療？,清胃散,瀉白散,龍膽瀉肝湯,左金丸
18,D,75 歲女性糖尿病患者，平素畏寒肢冷，左小腿有一陰疽已三月餘，患處漫腫無頭，難以消散又難以破潰，皮色不變，酸痛無熱，脈沉細，最適合選用以下何方治療？,五味消毒飲,仙方活命飲,當歸四逆湯,陽和湯
19,C,清骨散治療肝腎陰虧，虛火內擾所致之證，方中何藥最能滋陰潛陽、引藥入陰？,銀柴胡,胡黃連,鱉甲,地骨皮
20,A,下列何方主治小柴胡湯誤下成痞者？,半夏瀉心湯,甘草瀉心湯,生薑瀉心湯,附子瀉心湯
21,C,關於槐花散之敘述，下列何者錯誤？,本方主治腸風臟毒下血,方中側柏葉助槐花，涼血止血,方中枳實與厚朴，下氣寬腸且防止血留瘀,臨床常用於痔瘡出血
22,B,下列方劑組成的敘述，何者正確？,《醫林改錯》補陽還五湯的組成包含四物湯,《丹溪心法》小薊飲子的組成包含導赤散,《備急千金要方》獨活寄生湯的組成包含八珍湯,《醫學衷中參西錄》鎮肝熄風湯的組成包含增液湯
23,B,"關於方劑組成，下列那些正確？①暖肝煎含小茴香	②橘核丸含沉香	③四磨湯含檀香	④厚朴溫中湯含木香",①②,①④,②③,③④
24,B,越鞠丸主治痰火濕食氣血諸鬱，若以行氣解鬱為主，則其方中的主藥為何？,川芎,香附,蒼朮,山梔子
25,B,若因肝陰血不足，心神失養，而引起心悸多夢有睡眠障礙者，最宜下列何方治療？,加味逍遙散,酸棗仁湯,歸脾湯,柴胡加龍骨牡蠣湯
26,B,"血府逐瘀湯、少腹逐瘀湯的共同組成藥物有幾項？①桃仁	②紅花	③赤芍	④川芎",1,2,3,4
27,C,63 歲患者 1 個月前發生腦中風，左側偏癱無力，證見胸痛，口角流涎，二便正常，苔白，質淡紅偏黯，右脈澀緩左脈細而無力。最宜下列何方治療？,天麻鉤藤飲,大定風珠,補陽還五湯,丹參飲
28,D,"關於滋陰潤燥劑的敘述，下列那些正確？①燥在上者，治宜清燥潤肺，方如養陰清肺湯	②燥在中者，治宜生津養胃，方如麥門冬湯	③燥在下者，治宜養陰潤腎或潤腸通便，方如增液湯",僅①②,僅①③,僅②③,①②③
29,A,關於《和劑局方》川芎茶調散的敘述，下列正確有幾項？①如氣虛、血虛或因肝風、肝陽引起的頭痛亦為本方所宜 ②食前清茶調下，常服清頭目 ③菊花茶調散由本方加菊花、殭蠶而成，主治風熱上犯頭痛 ④本方於使用煎法時，宜久煎,1,2,3,4
30,A,平胃散的組成中，下列何者為藿香正氣散所無？,蒼朮,厚朴,陳皮,甘草
31,C,用培補脾土的方法，使中氣健運，則津液自上輸於肺，於是胃得其養、肺得其潤，肺清則火自平，此即「培土生金」之意，下列何方符合此法？,清燥救肺湯,養陰清肺湯,麥門冬湯,杏蘇散
32,D,濕溫時疫，濕熱並重，證見發熱倦怠，口渴尿赤，苔白厚膩或乾黃，下列何方治之？,茵陳蒿湯,三仁湯,藿朴夏苓湯,甘露消毒丹
33,C,"五苓散之主治，下列正確有幾項？①水腫泄瀉，小便不利	②臍下動悸，吐涎沫而頭眩	③身熱，口渴，小便不利，舌紅苔白，脈細數	④頭痛發熱，煩渴欲飲，水入即吐，小便不利，舌苔白，脈浮",1,2,3,4
34,D,《醫學衷中參西錄》玉液湯主治消渴病，組成中何者可「補脾固腎止便數，潤肺生津止口渴」？,知母,茯苓,天花粉,生山藥
35,D,23 歲男性患者 7 月 15 日來院門診，自訴感冒後頭痛，發熱惡寒無汗，口渴面赤，胸悶不舒，苔白膩，脈浮而數。則使用下列何方最適當？,桂苓甘露飲,六一散,香薷飲,新加香薷飲
36,B,50 歲男性，平時喜好飲酒，抱怨二天前出現惡寒發熱，交替發作，腹部脹痛，嘔吐不止，大便已三日未解，小便色黃，經檢查發現舌苔黃厚，脈弦滑有力。最宜下列何方治療？,大黃、柴胡、黃芩、當歸、升麻、甘草,大黃、柴胡、黃芩、芍藥、半夏、枳實、生薑、大棗,大黃、柴胡、當歸、桃仁、紅花、花粉、甘草、穿山甲,大黃、枳實、厚朴、芒硝
37,B,下列何藥在《醫學心悟》半夏白朮天麻湯中，劑量最大，但非君藥？,半夏,白朮,天麻,陳皮
38,D,"下列何者為保和丸之組成？①山楂、麥芽	②蓮子、白朮	③半夏、陳皮	④神麴、萊菔子",①②,①④,②③,③④
39,D,有關溫膽湯組成的敘述，下列何者錯誤？,半夏為君，燥濕化痰，降逆和胃,竹茹為臣，清膽和胃，止嘔除煩,陳皮為佐，理氣化痰，使氣順則痰消,茯苓為使，健脾利濕，俾濕去則痰化
40,B,"若不考慮藥物劑量，下列何方包含了整個《傷寒直格》六一散的藥物組成？①《重訂通俗傷寒論》蒿芩清膽湯	②《溫熱經緯》甘露消毒丹	③《宣明論方》桂苓甘露飲	④《傷寒論》豬苓湯",①②,①③,①④,②③
41,B,下列何種藥物用於風濕痹痛，筋脈拘攣，口眼喎斜，肢體麻木，中風後，半身不遂，皮膚搔癢﹖,獨活,白花蛇,木瓜,地龍
42,D,下列何種祛風濕藥，使用須注意，有血熱陽亢者忌用，本藥物有毒，不可過量和久服﹖,桑寄生,絡石藤,宣木瓜,北五加
43,D,下列何種祛風濕藥，性味辛、苦溫，歸肝、腎、膀胱經﹖,秦艽,桑寄生,五加皮,獨活
44,B,用於外感風寒，頭痛鼻塞，尤為鼻淵頭痛、鼻塞、香臭不聞、濁涕常流等證的要藥？,乾薑,辛夷,生薑,細辛
45,C,下列何藥具有宣散風熱，清利頭目，利咽透疹之功效？,浮萍,牛蒡子,薄荷,桑葉
46,B,有關蟬蛻的應用敘述，下列何者錯誤？,麻疹初期,外感風寒，頭痛,小兒夜啼,目翳多淚
47,C,下列何藥物具有利濕濁，祛風濕的功效？,滑石,茯苓,萆薢,烏藥
48,C,燈心草不具下列何功能？,降心火,利小腸,散結,清肺熱
49,B,肝鬱氣滯所致的月經不調，經期乳房脹痛，胸悶不舒等症狀，最適合選擇下列何種藥物？,檀香,香附,白丁香,藿香
50,A,下列何藥之功能化濕行氣，溫中止嘔，又能安胎？,砂仁,厚朴,佩蘭,白豆蔻
51,B,下列何者為枳實最適當的功效？,用於咳嗽痰多之證,痰濕內阻或寒凝氣滯，以致胸腹間痞滿不舒,行氣止痛，溫中和胃,降氣止呃，兼有溫腎助陽
52,D,有關澤瀉之功效與應用敘述，下列何者錯誤？,可用於痰飲上蒙清陽之眩暈,可用於下焦濕熱諸證,可用於水腫脹滿,可用於補腎助陽
53,A,關於牡丹皮之臨床應用，下列敘述何者最不適宜？,溫熱病初期，發熱汗出，或夜熱早涼，有汗骨蒸,溫熱病熱入營血，及血熱妄行所致的吐血、衄血,肝鬱火旺而致之發熱，盜汗或自汗，頭痛目澀，月經不調,瘀血阻滯經閉、痛經，癥瘕，或跌打損傷，瘀腫疼痛
54,B,下列藥物均可治咽喉腫痛，何者孕婦最不宜使用？,馬勃,射干,玄參,牛蒡子
55,C,關於藥材紫草的敘述，下列何者正確？,活血調經，祛瘀止痛,血熱生風，血滯經閉,化斑解毒，滑腸通便,風濕痹痛，骨蒸潮熱
56,D,可理氣、止痛、安胎，用於氣鬱、食滯，下列何藥最適宜？,黃芩,香薷,烏藥,紫蘇梗
57,C,下列何種瀉下藥最適合用於寒邪食積，阻結腸道、大便不通，大腹水腫，喉痹﹖,甘遂,大戟,巴豆,牽牛子
58,D,久服夏枯草對胃有刺激，長期服用時，宜加下列何藥？,菊花、蒲公英,黃耆、熟地,黃連、梔子,黨參、白朮
59,D,下列何藥性味辛寒，能清熱解毒，利水消腫，可用於疔瘡腫毒，乳癰腫痛，水腫及蠱脹，但虛證水腫忌用？,豬苓,大黃,金錢草,半邊蓮
60,B,延胡索之功效，以下列何者最明顯？,活血,止痛,行氣,生肌
61,D,功同四物用於月經不調、血滯經閉、產後瘀滯腹痛、心腹疼痛、癥瘕積聚，以及肢體疼痛等證。能通行血脈，功擅活血祛瘀，善調婦女經脈不勻。下列何者為女科要藥？,澤蘭,紅花,玄參,丹參
62,D,關於白芨的臨床應用，下列何者錯誤？,常用治腸胃出血,常用治咳血,常用治外傷出血,只可內服，不可外用
63,D,下列何藥活血宜酒炒，止痛宜醋製，為治血利氣第一藥，能行血中氣滯，氣中血滯﹖,紅花,茜草,烏藥,延胡索
64,A,下列何種藥物性涼苦降而善治下部出血？,槐花,三七,艾葉,川芎
65,C,下列何藥用於肝鬱化熱、迫血妄行所致的吐血、衄血、尿血及婦女經脈逆行等證兼有瘀滯現象者，治婦人經脈逆行，產後敗血攻心、顛狂失心？,桃仁,紅花,鬱金,冬葵子
66,A,一 70 歲婦女，外踝處有一傷口久不癒合，下列藥物何者可補氣且有良好的托毒生肌功效？,黃耆,骨碎補,白芷,白芨
67,C,下列何者具潤肺止咳、清心安神作用？,白薇,飴糖,百合,桔梗
68,A,下列何藥具有生肌作用？,續斷,胡蘆巴,杜仲,補骨脂
69,D,下列何者補益脾肺的作用雖弱，但具有調肺潤燥，陰虛者適宜？,人參,拳參,玄參,太子參
70,B,氣脫兼汗出肢冷，除以補氣外，併用下列何藥最適宜？,龍眼肉,附子,麥門冬,五味子
71,A,下列何藥具有補腎陽、益精血、強筋骨的功效？,鹿茸,胡蘆巴,淫羊藿,陽起石
72,C,有關首烏藤的敘述，下列何者錯誤？,又名夜交藤,具有養心安神的功效,具有補益精血作用,具有通絡祛風作用
73,A,下列何藥能燥濕化痰、降逆止嘔、消痞散結，為治濕痰要藥？,半夏,白芥子,皂莢,桔梗
74,A,下列何者不是磁石的功效？,收斂固澀,納氣平喘,聰耳明目,平肝潛陽
75,B,下列藥物何者可開竅、豁痰化濕又有益心智作用？,天麻,石菖蒲,益智仁,蘇合香
76,A,下列何藥臨床應用於痰涎壅肺，咳喘痰多，以及痰飲蓄結、胸膈痞悶等證。既降肺氣，又降胃氣？,旋覆花,浙貝母,白前,杏仁
77,C,患者呈現痰多清稀，易咯出且有胸悶、噁心、身重、苔膩等症狀，可用下列何藥治療？,栝蔞,川貝母,半夏,白芥子
78,C,下列何者藥性平和，可以斂肺止咳，且能清肺開音？,青黛,蟬衣,訶子,胖大海
79,D,下列何藥物除具有祛風燥濕、殺蟲等功效外，還可用於宮冷不孕？,五味子,使君子,菟絲子,蛇床子
80,C,下列藥材炮製作用之敘述，何者正確？,山楂炒炭增強瀉下作用,決明子生品長於溫補,鱉甲醋製增強入肝消積的作用,生蒼朮麩炒後增強燥性
